{
    "prepare_queue": {
        "installed": [],
        "uninstalled": []
    },
    "config_munge": {
        "files": {}
    },
    "installed_plugins": {
        "cordova-plugin-whitelist": {
            "PACKAGE_NAME": "io.cordova.hellocordova"
        },
        "cordova-plugin-compat": {
            "PACKAGE_NAME": "io.cordova.hellocordova"
        },
        "cordova-plugin-geolocation": {
            "PACKAGE_NAME": "io.cordova.hellocordova"
        }
    },
    "dependent_plugins": {},
    "modules": [],
    "plugin_metadata": {
        "cordova-plugin-whitelist": "1.3.2",
        "cordova-plugin-compat": "1.1.0",
        "cordova-plugin-geolocation": "2.4.2"
    }
}